<?xml version="1.0" encoding="UTF-8"?>
<annotations textSource="mom-me_20150906T191238.txt">
    <annotation>
        <mention id="EHOST_Instance_634" />
        <annotator id="eHOST_2010">Sergio Gutierrez</annotator>
        <span start="448" end="450" />
        <spannedText>No</spannedText>
        <creationDate>Sat Jan 14 17:19:35 CET 2023</creationDate>
    </annotation>
    <classMention id="EHOST_Instance_634">
        <mentionClass id="NegCue">No</mentionClass>
    </classMention>
    <annotation>
        <mention id="EHOST_Instance_635" />
        <annotator id="eHOST_2010">Sergio Gutierrez</annotator>
        <span start="471" end="474" />
        <spannedText>not</spannedText>
        <creationDate>Sat Jan 14 17:20:27 CET 2023</creationDate>
    </annotation>
    <classMention id="EHOST_Instance_635">
        <mentionClass id="NegCue">not</mentionClass>
    </classMention>
    <annotation>
        <mention id="EHOST_Instance_636" />
        <annotator id="eHOST_2010">Oracle[Sergio Gutierrez]</annotator>
        <span start="976" end="979" />
        <spannedText>not</spannedText>
        <creationDate>Sat Jan 14 17:20:41 CET 2023</creationDate>
    </annotation>
    <classMention id="EHOST_Instance_636">
        <mentionClass id="NegCue">not</mentionClass>
    </classMention>
    <annotation>
        <mention id="EHOST_Instance_637" />
        <annotator id="eHOST_2010">Oracle[Sergio Gutierrez]</annotator>
        <span start="2512" end="2515" />
        <spannedText>not</spannedText>
        <creationDate>Sat Jan 14 17:20:41 CET 2023</creationDate>
    </annotation>
    <classMention id="EHOST_Instance_637">
        <mentionClass id="NegCue">not</mentionClass>
    </classMention>
    <annotation>
        <mention id="EHOST_Instance_638" />
        <annotator id="eHOST_2010">Sergio Gutierrez</annotator>
        <span start="1316" end="1323" />
        <spannedText>nothing</spannedText>
        <creationDate>Sat Jan 14 17:21:42 CET 2023</creationDate>
    </annotation>
    <classMention id="EHOST_Instance_638">
        <mentionClass id="NegCue">nothing</mentionClass>
    </classMention>
    <annotation>
        <mention id="EHOST_Instance_639" />
        <annotator id="eHOST_2010">Sergio Gutierrez</annotator>
        <span start="1495" end="1511" />
        <spannedText>isnâ€™t to blame</spannedText>
        <creationDate>Sat Jan 14 17:23:18 CET 2023</creationDate>
    </annotation>
    <classMention id="EHOST_Instance_639">
        <mentionClass id="NegCue">isnâ€™t to blame</mentionClass>
    </classMention>
    <annotation>
        <mention id="EHOST_Instance_640" />
        <annotator id="eHOST_2010">Sergio Gutierrez</annotator>
        <span start="424" end="450" />
        <spannedText>freaking out right now? No</spannedText>
        <creationDate>Sat Jan 14 18:48:35 CET 2023</creationDate>
    </annotation>
    <classMention id="EHOST_Instance_640">
        <mentionClass id="NegCue">freaking out right now? No</mentionClass>
    </classMention>
    <annotation>
        <mention id="EHOST_Instance_641" />
        <annotator id="eHOST_2010">Sergio Gutierrez</annotator>
        <span start="1307" end="1363" />
        <spannedText>there is nothing they can do to stop the spread of germs</spannedText>
        <creationDate>Sat Jan 14 18:49:27 CET 2023</creationDate>
    </annotation>
    <classMention id="EHOST_Instance_641">
        <mentionClass id="NegCue">there is nothing they can do to stop the spread of germs</mentionClass>
    </classMention>
    <annotation>
        <mention id="EHOST_Instance_642" />
        <annotator id="eHOST_2010">Sergio Gutierrez</annotator>
        <span start="958" end="996" />
        <spannedText>at Disneyland had not been vaccinated.</spannedText>
        <creationDate>Sat Jan 14 18:49:31 CET 2023</creationDate>
    </annotation>
    <classMention id="EHOST_Instance_642">
        <mentionClass id="NegCue">at Disneyland had not been vaccinated.</mentionClass>
    </classMention>
    <annotation>
        <mention id="EHOST_Instance_643" />
        <annotator id="eHOST_2010">Sergio Gutierrez</annotator>
        <span start="461" end="575" />
        <spannedText>why Iâ€™m not rushing my 8-year-old daughter to the hospital or checking out the symptoms of the measles on WebMD?</spannedText>
        <creationDate>Sat Jan 14 18:49:41 CET 2023</creationDate>
    </annotation>
    <classMention id="EHOST_Instance_643">
        <mentionClass id="NegCue">why Iâ€™m not rushing my 8-year-old daughter to the hospital or checking out the symptoms of the measles on WebMD?</mentionClass>
    </classMention>
    <annotation>
        <mention id="EHOST_Instance_644" />
        <annotator id="eHOST_2010">Sergio Gutierrez</annotator>
        <span start="2489" end="2526" />
        <spannedText>blame those who opt to not vaccinate.</spannedText>
        <creationDate>Sat Jan 14 18:49:49 CET 2023</creationDate>
    </annotation>
    <classMention id="EHOST_Instance_644">
        <mentionClass id="NegCue">blame those who opt to not vaccinate.</mentionClass>
    </classMention>
    <eHOST_Adjudication_Status version="1.0">
        <Adjudication_Selected_Annotators version="1.0" />
        <Adjudication_Selected_Classes version="1.0" />
        <Adjudication_Others>
            <CHECK_OVERLAPPED_SPANS>false</CHECK_OVERLAPPED_SPANS>
            <CHECK_ATTRIBUTES>false</CHECK_ATTRIBUTES>
            <CHECK_RELATIONSHIP>false</CHECK_RELATIONSHIP>
            <CHECK_CLASS>false</CHECK_CLASS>
            <CHECK_COMMENT>false</CHECK_COMMENT>
        </Adjudication_Others>
    </eHOST_Adjudication_Status>
</annotations>

