<?xml version="1.0" encoding="UTF-8"?>
<annotations textSource="nap-edu_20160617T022642.txt">
    <annotation>
        <mention id="EHOST_Instance_645" />
        <annotator id="eHOST_2010">Sergio Gutierrez</annotator>
        <span start="1020" end="1026" />
        <spannedText>cannot</spannedText>
        <creationDate>Sat Jan 14 18:01:20 CET 2023</creationDate>
    </annotation>
    <classMention id="EHOST_Instance_645">
        <mentionClass id="NegCue">cannot</mentionClass>
    </classMention>
    <annotation>
        <mention id="EHOST_Instance_646" />
        <annotator id="eHOST_2010">Oracle[Sergio Gutierrez]</annotator>
        <span start="9793" end="9799" />
        <spannedText>cannot</spannedText>
        <creationDate>Sat Jan 14 18:01:23 CET 2023</creationDate>
    </annotation>
    <classMention id="EHOST_Instance_646">
        <mentionClass id="NegCue">cannot</mentionClass>
    </classMention>
    <annotation>
        <mention id="EHOST_Instance_647" />
        <annotator id="eHOST_2010">Sergio Gutierrez</annotator>
        <span start="2424" end="2433" />
        <spannedText>might not</spannedText>
        <creationDate>Sat Jan 14 18:02:47 CET 2023</creationDate>
    </annotation>
    <classMention id="EHOST_Instance_647">
        <mentionClass id="NegCue">might not</mentionClass>
    </classMention>
    <annotation>
        <mention id="EHOST_Instance_648" />
        <annotator id="eHOST_2010">Sergio Gutierrez</annotator>
        <span start="7696" end="7703" />
        <spannedText>may not</spannedText>
        <creationDate>Sat Jan 14 18:04:39 CET 2023</creationDate>
    </annotation>
    <classMention id="EHOST_Instance_648">
        <mentionClass id="NegCue">may not</mentionClass>
    </classMention>
    <annotation>
        <mention id="EHOST_Instance_649" />
        <annotator id="eHOST_2010">Sergio Gutierrez</annotator>
        <span start="3690" end="3697" />
        <spannedText>unclear</spannedText>
        <creationDate>Sat Jan 14 18:05:34 CET 2023</creationDate>
    </annotation>
    <classMention id="EHOST_Instance_649">
        <mentionClass id="NegCue">unclear</mentionClass>
    </classMention>
    <annotation>
        <mention id="EHOST_Instance_650" />
        <annotator id="eHOST_2010">Sergio Gutierrez</annotator>
        <span start="3983" end="3986" />
        <spannedText>not</spannedText>
        <creationDate>Sat Jan 14 18:06:11 CET 2023</creationDate>
    </annotation>
    <classMention id="EHOST_Instance_650">
        <mentionClass id="NegCue">not</mentionClass>
    </classMention>
    <annotation>
        <mention id="EHOST_Instance_651" />
        <annotator id="eHOST_2010">Oracle[Sergio Gutierrez]</annotator>
        <span start="2430" end="2433" />
        <spannedText>not</spannedText>
        <creationDate>Sat Jan 14 18:06:18 CET 2023</creationDate>
    </annotation>
    <classMention id="EHOST_Instance_651">
        <mentionClass id="NegCue">not</mentionClass>
    </classMention>
    <annotation>
        <mention id="EHOST_Instance_652" />
        <annotator id="eHOST_2010">Oracle[Sergio Gutierrez]</annotator>
        <span start="3039" end="3042" />
        <spannedText>not</spannedText>
        <creationDate>Sat Jan 14 18:06:18 CET 2023</creationDate>
    </annotation>
    <classMention id="EHOST_Instance_652">
        <mentionClass id="NegCue">not</mentionClass>
    </classMention>
    <annotation>
        <mention id="EHOST_Instance_653" />
        <annotator id="eHOST_2010">Oracle[Sergio Gutierrez]</annotator>
        <span start="3252" end="3255" />
        <spannedText>not</spannedText>
        <creationDate>Sat Jan 14 18:06:18 CET 2023</creationDate>
    </annotation>
    <classMention id="EHOST_Instance_653">
        <mentionClass id="NegCue">not</mentionClass>
    </classMention>
    <annotation>
        <mention id="EHOST_Instance_654" />
        <annotator id="eHOST_2010">Oracle[Sergio Gutierrez]</annotator>
        <span start="3459" end="3462" />
        <spannedText>not</spannedText>
        <creationDate>Sat Jan 14 18:06:18 CET 2023</creationDate>
    </annotation>
    <classMention id="EHOST_Instance_654">
        <mentionClass id="NegCue">not</mentionClass>
    </classMention>
    <annotation>
        <mention id="EHOST_Instance_655" />
        <annotator id="eHOST_2010">Oracle[Sergio Gutierrez]</annotator>
        <span start="4864" end="4867" />
        <spannedText>not</spannedText>
        <creationDate>Sat Jan 14 18:06:18 CET 2023</creationDate>
    </annotation>
    <classMention id="EHOST_Instance_655">
        <mentionClass id="NegCue">not</mentionClass>
    </classMention>
    <annotation>
        <mention id="EHOST_Instance_656" />
        <annotator id="eHOST_2010">Oracle[Sergio Gutierrez]</annotator>
        <span start="7500" end="7503" />
        <spannedText>not</spannedText>
        <creationDate>Sat Jan 14 18:06:18 CET 2023</creationDate>
    </annotation>
    <classMention id="EHOST_Instance_656">
        <mentionClass id="NegCue">not</mentionClass>
    </classMention>
    <annotation>
        <mention id="EHOST_Instance_657" />
        <annotator id="eHOST_2010">Oracle[Sergio Gutierrez]</annotator>
        <span start="7700" end="7703" />
        <spannedText>not</spannedText>
        <creationDate>Sat Jan 14 18:06:18 CET 2023</creationDate>
    </annotation>
    <classMention id="EHOST_Instance_657">
        <mentionClass id="NegCue">not</mentionClass>
    </classMention>
    <annotation>
        <mention id="EHOST_Instance_658" />
        <annotator id="eHOST_2010">Oracle[Sergio Gutierrez]</annotator>
        <span start="7953" end="7956" />
        <spannedText>not</spannedText>
        <creationDate>Sat Jan 14 18:06:18 CET 2023</creationDate>
    </annotation>
    <classMention id="EHOST_Instance_658">
        <mentionClass id="NegCue">not</mentionClass>
    </classMention>
    <annotation>
        <mention id="EHOST_Instance_659" />
        <annotator id="eHOST_2010">Oracle[Sergio Gutierrez]</annotator>
        <span start="8911" end="8914" />
        <spannedText>not</spannedText>
        <creationDate>Sat Jan 14 18:06:18 CET 2023</creationDate>
    </annotation>
    <classMention id="EHOST_Instance_659">
        <mentionClass id="NegCue">not</mentionClass>
    </classMention>
    <annotation>
        <mention id="EHOST_Instance_660" />
        <annotator id="eHOST_2010">Oracle[Sergio Gutierrez]</annotator>
        <span start="9911" end="9914" />
        <spannedText>not</spannedText>
        <creationDate>Sat Jan 14 18:06:18 CET 2023</creationDate>
    </annotation>
    <classMention id="EHOST_Instance_660">
        <mentionClass id="NegCue">not</mentionClass>
    </classMention>
    <annotation>
        <mention id="EHOST_Instance_661" />
        <annotator id="eHOST_2010">Sergio Gutierrez</annotator>
        <span start="1015" end="1167" />
        <spannedText>they cannot distinguish between a specific antigen fragment that comes from an infecting microbe and the same antigen fragment that comes from a vaccine</spannedText>
        <creationDate>Sat Jan 14 18:46:41 CET 2023</creationDate>
    </annotation>
    <classMention id="EHOST_Instance_661">
        <mentionClass id="NegCue">they cannot distinguish between a specific antigen fragment that comes from an infecting microbe and the same antigen fragment that comes from a vaccine</mentionClass>
    </classMention>
    <annotation>
        <mention id="EHOST_Instance_662" />
        <annotator id="eHOST_2010">Sergio Gutierrez</annotator>
        <span start="2406" end="2464" />
        <spannedText>Vaccine responses might not only differ in the short term,</spannedText>
        <creationDate>Sat Jan 14 18:46:46 CET 2023</creationDate>
    </annotation>
    <classMention id="EHOST_Instance_662">
        <mentionClass id="NegCue">Vaccine responses might not only differ in the short term,</mentionClass>
    </classMention>
    <annotation>
        <mention id="EHOST_Instance_663" />
        <annotator id="eHOST_2010">Sergio Gutierrez</annotator>
        <span start="3012" end="3124" />
        <spannedText>self-antigens and that are not destroyed in the thymus are somehow prevented from causing an autoimmune reaction</spannedText>
        <creationDate>Sat Jan 14 18:46:57 CET 2023</creationDate>
    </annotation>
    <classMention id="EHOST_Instance_663">
        <mentionClass id="NegCue">self-antigens and that are not destroyed in the thymus are somehow prevented from causing an autoimmune reaction</mentionClass>
    </classMention>
    <annotation>
        <mention id="EHOST_Instance_664" />
        <annotator id="eHOST_2010">Sergio Gutierrez</annotator>
        <span start="3219" end="3265" />
        <spannedText>the mechanism for the process is not yet known</spannedText>
        <creationDate>Sat Jan 14 18:47:20 CET 2023</creationDate>
    </annotation>
    <classMention id="EHOST_Instance_664">
        <mentionClass id="NegCue">the mechanism for the process is not yet known</mentionClass>
    </classMention>
    <annotation>
        <mention id="EHOST_Instance_665" />
        <annotator id="eHOST_2010">Sergio Gutierrez</annotator>
        <span start="3435" end="3495" />
        <spannedText>peripheral tolerance is not strong on the day of vaccination</spannedText>
        <creationDate>Sat Jan 14 18:47:26 CET 2023</creationDate>
    </annotation>
    <classMention id="EHOST_Instance_665">
        <mentionClass id="NegCue">peripheral tolerance is not strong on the day of vaccination</mentionClass>
    </classMention>
    <annotation>
        <mention id="EHOST_Instance_666" />
        <annotator id="eHOST_2010">Sergio Gutierrez</annotator>
        <span start="3683" end="3735" />
        <spannedText>it is unclear why an immune system that is tolerant</spannedText>
        <creationDate>Sat Jan 14 18:47:33 CET 2023</creationDate>
    </annotation>
    <classMention id="EHOST_Instance_666">
        <mentionClass id="NegCue">it is unclear why an immune system that is tolerant</mentionClass>
    </classMention>
    <annotation>
        <mention id="EHOST_Instance_667" />
        <annotator id="eHOST_2010">Sergio Gutierrez</annotator>
        <span start="3975" end="4005" />
        <spannedText>usually not exposed to T cells</spannedText>
        <creationDate>Sat Jan 14 18:47:51 CET 2023</creationDate>
    </annotation>
    <classMention id="EHOST_Instance_667">
        <mentionClass id="NegCue">usually not exposed to T cells</mentionClass>
    </classMention>
    <annotation>
        <mention id="EHOST_Instance_668" />
        <annotator id="eHOST_2010">Sergio Gutierrez</annotator>
        <span start="4830" end="4888" />
        <spannedText>the amino acids in this region do not have to be identical</spannedText>
        <creationDate>Sat Jan 14 18:48:01 CET 2023</creationDate>
    </annotation>
    <classMention id="EHOST_Instance_668">
        <mentionClass id="NegCue">the amino acids in this region do not have to be identical</mentionClass>
    </classMention>
    <annotation>
        <mention id="EHOST_Instance_669" />
        <annotator id="eHOST_2010">Sergio Gutierrez</annotator>
        <span start="8895" end="8945" />
        <spannedText>infants who did not respond to the fourth HBV dose</spannedText>
        <creationDate>Sat Jan 14 18:48:12 CET 2023</creationDate>
    </annotation>
    <classMention id="EHOST_Instance_669">
        <mentionClass id="NegCue">infants who did not respond to the fourth HBV dose</mentionClass>
    </classMention>
    <annotation>
        <mention id="EHOST_Instance_670" />
        <annotator id="eHOST_2010">Sergio Gutierrez</annotator>
        <span start="9780" end="9879" />
        <spannedText>each vaccine cannot be predicted on theoretical grounds but can only be determined by further study</spannedText>
        <creationDate>Sat Jan 14 18:48:19 CET 2023</creationDate>
    </annotation>
    <classMention id="EHOST_Instance_670">
        <mentionClass id="NegCue">each vaccine cannot be predicted on theoretical grounds but can only be determined by further study</mentionClass>
    </classMention>
    <annotation>
        <mention id="EHOST_Instance_671" />
        <annotator id="eHOST_2010">Sergio Gutierrez</annotator>
        <span start="9910" end="9952" />
        <spannedText>not to leave premature infants vaccinated</spannedText>
        <creationDate>Sat Jan 14 18:48:25 CET 2023</creationDate>
    </annotation>
    <classMention id="EHOST_Instance_671">
        <mentionClass id="NegCue">not to leave premature infants vaccinated</mentionClass>
    </classMention>
    <eHOST_Adjudication_Status version="1.0">
        <Adjudication_Selected_Annotators version="1.0" />
        <Adjudication_Selected_Classes version="1.0" />
        <Adjudication_Others>
            <CHECK_OVERLAPPED_SPANS>false</CHECK_OVERLAPPED_SPANS>
            <CHECK_ATTRIBUTES>false</CHECK_ATTRIBUTES>
            <CHECK_RELATIONSHIP>false</CHECK_RELATIONSHIP>
            <CHECK_CLASS>false</CHECK_CLASS>
            <CHECK_COMMENT>false</CHECK_COMMENT>
        </Adjudication_Others>
    </eHOST_Adjudication_Status>
</annotations>

