<?xml version="1.0" encoding="UTF-8"?>
<annotations textSource="National-Vaccine-Information-Center-(NVIC)_20170615T175941.txt">
    <annotation>
        <mention id="EHOST_Instance_672" />
        <annotator id="eHOST_2010">Sergio Gutierrez</annotator>
        <span start="156" end="159" />
        <spannedText>not</spannedText>
        <creationDate>Sat Jan 14 18:07:18 CET 2023</creationDate>
    </annotation>
    <classMention id="EHOST_Instance_672">
        <mentionClass id="NegCue">not</mentionClass>
    </classMention>
    <annotation>
        <mention id="EHOST_Instance_673" />
        <annotator id="eHOST_2010">Oracle[Sergio Gutierrez]</annotator>
        <span start="318" end="321" />
        <spannedText>not</spannedText>
        <creationDate>Sat Jan 14 18:07:20 CET 2023</creationDate>
    </annotation>
    <classMention id="EHOST_Instance_673">
        <mentionClass id="NegCue">not</mentionClass>
    </classMention>
    <annotation>
        <mention id="EHOST_Instance_674" />
        <annotator id="eHOST_2010">Sergio Gutierrez</annotator>
        <span start="293" end="421" />
        <spannedText>smallpox vaccination was not the â€œsilver bulletâ€� that many believe was solely responsible for saving the world from smallpox</spannedText>
        <creationDate>Sat Jan 14 18:46:25 CET 2023</creationDate>
    </annotation>
    <classMention id="EHOST_Instance_674">
        <mentionClass id="NegCue">smallpox vaccination was not the â€œsilver bulletâ€� that many believe was solely responsible for saving the world from smallpox</mentionClass>
    </classMention>
    <annotation>
        <mention id="EHOST_Instance_675" />
        <annotator id="eHOST_2010">Sergio Gutierrez</annotator>
        <span start="137" end="159" />
        <spannedText>drug companies are not</spannedText>
        <creationDate>Sat Jan 14 18:46:30 CET 2023</creationDate>
    </annotation>
    <classMention id="EHOST_Instance_675">
        <mentionClass id="NegCue">drug companies are not</mentionClass>
    </classMention>
    <eHOST_Adjudication_Status version="1.0">
        <Adjudication_Selected_Annotators version="1.0" />
        <Adjudication_Selected_Classes version="1.0" />
        <Adjudication_Others>
            <CHECK_OVERLAPPED_SPANS>false</CHECK_OVERLAPPED_SPANS>
            <CHECK_ATTRIBUTES>false</CHECK_ATTRIBUTES>
            <CHECK_RELATIONSHIP>false</CHECK_RELATIONSHIP>
            <CHECK_CLASS>false</CHECK_CLASS>
            <CHECK_COMMENT>false</CHECK_COMMENT>
        </Adjudication_Others>
    </eHOST_Adjudication_Status>
</annotations>

