<?xml version="1.0" encoding="UTF-8"?>
<annotations textSource="National-Vaccine-Information-Center-(NVIC)_20170625T020431.txt">
    <annotation>
        <mention id="EHOST_Instance_689" />
        <annotator id="eHOST_2010">Sergio Gutierrez</annotator>
        <span start="4129" end="4132" />
        <spannedText>not</spannedText>
        <creationDate>Sat Jan 14 18:33:02 CET 2023</creationDate>
    </annotation>
    <classMention id="EHOST_Instance_689">
        <mentionClass id="NegCue">not</mentionClass>
    </classMention>
    <annotation>
        <mention id="EHOST_Instance_690" />
        <annotator id="eHOST_2010">Oracle[Sergio Gutierrez]</annotator>
        <span start="4647" end="4650" />
        <span start="4601" end="4707" />
        <spannedText>Parents should have a choice about whether or not to vaccinate their children with the chickenpox vaccine. ... not</spannedText>
        <creationDate>Sat Jan 14 18:33:04 CET 2023</creationDate>
    </annotation>
    <classMention id="EHOST_Instance_690">
        <mentionClass id="NegCue">Parents should have a choice about whether or not to vaccinate their children with the chickenpox vaccine. ... not</mentionClass>
    </classMention>
    <annotation>
        <mention id="EHOST_Instance_691" />
        <annotator id="eHOST_2010">Sergio Gutierrez</annotator>
        <span start="4061" end="4064" />
        <spannedText>No.</spannedText>
        <creationDate>Sat Jan 14 18:34:28 CET 2023</creationDate>
    </annotation>
    <classMention id="EHOST_Instance_691">
        <mentionClass id="NegCue">No.</mentionClass>
    </classMention>
    <annotation>
        <mention id="EHOST_Instance_692" />
        <annotator id="eHOST_2010">Sergio Gutierrez</annotator>
        <span start="4081" end="4157" />
        <spannedText>children who recover from chickenpox disease do not suffer complications and</spannedText>
        <creationDate>Sat Jan 14 18:43:59 CET 2023</creationDate>
    </annotation>
    <classMention id="EHOST_Instance_692">
        <mentionClass id="NegCue">children who recover from chickenpox disease do not suffer complications and</mentionClass>
    </classMention>
    <eHOST_Adjudication_Status version="1.0">
        <Adjudication_Selected_Annotators version="1.0" />
        <Adjudication_Selected_Classes version="1.0" />
        <Adjudication_Others>
            <CHECK_OVERLAPPED_SPANS>false</CHECK_OVERLAPPED_SPANS>
            <CHECK_ATTRIBUTES>false</CHECK_ATTRIBUTES>
            <CHECK_RELATIONSHIP>false</CHECK_RELATIONSHIP>
            <CHECK_CLASS>false</CHECK_CLASS>
            <CHECK_COMMENT>false</CHECK_COMMENT>
        </Adjudication_Others>
    </eHOST_Adjudication_Status>
</annotations>

