<?xml version="1.0" encoding="UTF-8"?>
<annotations textSource="National-Vaccine-Information-Center-(NVIC)_20170616T025538.txt">
    <annotation>
        <mention id="EHOST_Instance_676" />
        <annotator id="eHOST_2010">Sergio Gutierrez</annotator>
        <span start="2775" end="2778" />
        <spannedText>not</spannedText>
        <creationDate>Sat Jan 14 18:11:08 CET 2023</creationDate>
    </annotation>
    <classMention id="EHOST_Instance_676">
        <mentionClass id="NegCue">not</mentionClass>
    </classMention>
    <annotation>
        <mention id="EHOST_Instance_677" />
        <annotator id="eHOST_2010">Oracle[Sergio Gutierrez]</annotator>
        <span start="2832" end="2835" />
        <spannedText>not</spannedText>
        <creationDate>Sat Jan 14 18:11:10 CET 2023</creationDate>
    </annotation>
    <classMention id="EHOST_Instance_677">
        <mentionClass id="NegCue">not</mentionClass>
    </classMention>
    <annotation>
        <mention id="EHOST_Instance_678" />
        <annotator id="eHOST_2010">Oracle[Sergio Gutierrez]</annotator>
        <span start="3253" end="3256" />
        <spannedText>not</spannedText>
        <creationDate>Sat Jan 14 18:11:10 CET 2023</creationDate>
    </annotation>
    <classMention id="EHOST_Instance_678">
        <mentionClass id="NegCue">not</mentionClass>
    </classMention>
    <annotation>
        <mention id="EHOST_Instance_679" />
        <annotator id="eHOST_2010">Oracle[Sergio Gutierrez]</annotator>
        <span start="7133" end="7136" />
        <spannedText>not</spannedText>
        <creationDate>Sat Jan 14 18:11:10 CET 2023</creationDate>
    </annotation>
    <classMention id="EHOST_Instance_679">
        <mentionClass id="NegCue">not</mentionClass>
    </classMention>
    <annotation>
        <mention id="EHOST_Instance_680" />
        <annotator id="eHOST_2010">Oracle[Sergio Gutierrez]</annotator>
        <span start="7295" end="7298" />
        <spannedText>not</spannedText>
        <creationDate>Sat Jan 14 18:11:10 CET 2023</creationDate>
    </annotation>
    <classMention id="EHOST_Instance_680">
        <mentionClass id="NegCue">not</mentionClass>
    </classMention>
    <annotation>
        <mention id="EHOST_Instance_681" />
        <annotator id="eHOST_2010">Oracle[Sergio Gutierrez]</annotator>
        <span start="7676" end="7679" />
        <spannedText>not</spannedText>
        <creationDate>Sat Jan 14 18:11:10 CET 2023</creationDate>
    </annotation>
    <classMention id="EHOST_Instance_681">
        <mentionClass id="NegCue">not</mentionClass>
    </classMention>
    <annotation>
        <mention id="EHOST_Instance_682" />
        <annotator id="eHOST_2010">Oracle[Sergio Gutierrez]</annotator>
        <span start="9973" end="9976" />
        <spannedText>not</spannedText>
        <creationDate>Sat Jan 14 18:11:10 CET 2023</creationDate>
    </annotation>
    <classMention id="EHOST_Instance_682">
        <mentionClass id="NegCue">not</mentionClass>
    </classMention>
    <annotation>
        <mention id="EHOST_Instance_683" />
        <annotator id="eHOST_2010">Sergio Gutierrez</annotator>
        <span start="2748" end="2808" />
        <spannedText>clearly, measles virus has not been eradicated from the U.S.</spannedText>
        <creationDate>Sat Jan 14 18:45:10 CET 2023</creationDate>
    </annotation>
    <classMention id="EHOST_Instance_683">
        <mentionClass id="NegCue">clearly, measles virus has not been eradicated from the U.S.</mentionClass>
    </classMention>
    <annotation>
        <mention id="EHOST_Instance_684" />
        <annotator id="eHOST_2010">Sergio Gutierrez</annotator>
        <span start="2820" end="2916" />
        <spannedText>measles has not been eradicated from any other country and emerging scientific evidence suggests</spannedText>
        <creationDate>Sat Jan 14 18:45:19 CET 2023</creationDate>
    </annotation>
    <classMention id="EHOST_Instance_684">
        <mentionClass id="NegCue">measles has not been eradicated from any other country and emerging scientific evidence suggests</mentionClass>
    </classMention>
    <annotation>
        <mention id="EHOST_Instance_685" />
        <annotator id="eHOST_2010">Sergio Gutierrez</annotator>
        <span start="3238" end="3430" />
        <spannedText>Disneyland and not focus on the fact that millions of Americans have gotten flu shots that donâ€™t work and health care workers are being fired if they donâ€™t get flu shots that donâ€™t work.</spannedText>
        <creationDate>Sat Jan 14 18:45:32 CET 2023</creationDate>
    </annotation>
    <classMention id="EHOST_Instance_685">
        <mentionClass id="NegCue">Disneyland and not focus on the fact that millions of Americans have gotten flu shots that donâ€™t work and health care workers are being fired if they donâ€™t get flu shots that donâ€™t work.</mentionClass>
    </classMention>
    <annotation>
        <mention id="EHOST_Instance_686" />
        <annotator id="eHOST_2010">Sergio Gutierrez</annotator>
        <span start="7656" end="7715" />
        <span start="7292" end="7356" />
        <spannedText>do not conduct rountine active surveillance of vaccinated people ... Health officials do not conduct routine active surveillance</spannedText>
        <creationDate>Sat Jan 14 18:45:40 CET 2023</creationDate>
    </annotation>
    <classMention id="EHOST_Instance_686">
        <mentionClass id="NegCue">do not conduct rountine active surveillance of vaccinated people ... Health officials do not conduct routine active surveillance</mentionClass>
    </classMention>
    <annotation>
        <mention id="EHOST_Instance_687" />
        <annotator id="eHOST_2010">Sergio Gutierrez</annotator>
        <span start="7122" end="7197" />
        <spannedText>doctors do not know how many vaccinated people can be infected with measles</spannedText>
        <creationDate>Sat Jan 14 18:46:00 CET 2023</creationDate>
    </annotation>
    <classMention id="EHOST_Instance_687">
        <mentionClass id="NegCue">doctors do not know how many vaccinated people can be infected with measles</mentionClass>
    </classMention>
    <annotation>
        <mention id="EHOST_Instance_688" />
        <annotator id="eHOST_2010">Sergio Gutierrez</annotator>
        <span start="9966" end="10043" />
        <spannedText>who do not use every dose of the growing list of government-mandated vaccines</spannedText>
        <creationDate>Sat Jan 14 18:46:09 CET 2023</creationDate>
    </annotation>
    <classMention id="EHOST_Instance_688">
        <mentionClass id="NegCue">who do not use every dose of the growing list of government-mandated vaccines</mentionClass>
    </classMention>
    <eHOST_Adjudication_Status version="1.0">
        <Adjudication_Selected_Annotators version="1.0" />
        <Adjudication_Selected_Classes version="1.0" />
        <Adjudication_Others>
            <CHECK_OVERLAPPED_SPANS>false</CHECK_OVERLAPPED_SPANS>
            <CHECK_ATTRIBUTES>false</CHECK_ATTRIBUTES>
            <CHECK_RELATIONSHIP>false</CHECK_RELATIONSHIP>
            <CHECK_CLASS>false</CHECK_CLASS>
            <CHECK_COMMENT>false</CHECK_COMMENT>
        </Adjudication_Others>
    </eHOST_Adjudication_Status>
</annotations>

