<?xml version="1.0" encoding="UTF-8"?>
<annotations textSource="NaturalNews_20170628T230637.txt">
    <annotation>
        <mention id="EHOST_Instance_706" />
        <annotator id="eHOST_2010">Sergio Gutierrez</annotator>
        <span start="1301" end="1320" />
        <spannedText>vaccines don't work</spannedText>
        <creationDate>Sat Jan 14 18:41:10 CET 2023</creationDate>
    </annotation>
    <classMention id="EHOST_Instance_706">
        <mentionClass id="NegCue">vaccines don't work</mentionClass>
    </classMention>
    <annotation>
        <mention id="EHOST_Instance_707" />
        <annotator id="eHOST_2010">Oracle[Sergio Gutierrez]</annotator>
        <span start="2632" end="2651" />
        <spannedText>vaccines don't work</spannedText>
        <creationDate>Sat Jan 14 18:41:13 CET 2023</creationDate>
    </annotation>
    <classMention id="EHOST_Instance_707">
        <mentionClass id="NegCue">vaccines don't work</mentionClass>
    </classMention>
    <annotation>
        <mention id="EHOST_Instance_708" />
        <annotator id="eHOST_2010">Sergio Gutierrez</annotator>
        <span start="723" end="763" />
        <spannedText>if you believe the official story anyway</spannedText>
        <creationDate>Sat Jan 14 18:42:00 CET 2023</creationDate>
    </annotation>
    <classMention id="EHOST_Instance_708">
        <mentionClass id="NegCue">if you believe the official story anyway</mentionClass>
    </classMention>
    <annotation>
        <mention id="EHOST_Instance_709" />
        <annotator id="eHOST_2010">Sergio Gutierrez</annotator>
        <span start="2489" end="2576" />
        <spannedText>the vaccine mafia is clearly losing major ground in its failing war on natural immunity</spannedText>
        <creationDate>Sat Jan 14 18:42:26 CET 2023</creationDate>
    </annotation>
    <classMention id="EHOST_Instance_709">
        <mentionClass id="NegCue">the vaccine mafia is clearly losing major ground in its failing war on natural immunity</mentionClass>
    </classMention>
    <annotation>
        <mention id="EHOST_Instance_710" />
        <annotator id="eHOST_2010">Sergio Gutierrez</annotator>
        <span start="939" end="963" />
        <spannedText>claims the establishment</spannedText>
        <creationDate>Sat Jan 14 18:42:53 CET 2023</creationDate>
    </annotation>
    <classMention id="EHOST_Instance_710">
        <mentionClass id="NegCue">claims the establishment</mentionClass>
    </classMention>
    <eHOST_Adjudication_Status version="1.0">
        <Adjudication_Selected_Annotators version="1.0" />
        <Adjudication_Selected_Classes version="1.0" />
        <Adjudication_Others>
            <CHECK_OVERLAPPED_SPANS>false</CHECK_OVERLAPPED_SPANS>
            <CHECK_ATTRIBUTES>false</CHECK_ATTRIBUTES>
            <CHECK_RELATIONSHIP>false</CHECK_RELATIONSHIP>
            <CHECK_CLASS>false</CHECK_CLASS>
            <CHECK_COMMENT>false</CHECK_COMMENT>
        </Adjudication_Others>
    </eHOST_Adjudication_Status>
</annotations>

