<?xml version="1.0" encoding="UTF-8"?>
<annotations textSource="NaturalNews_20161122T084557.txt">
    <annotation>
        <mention id="EHOST_Instance_693" />
        <annotator id="eHOST_2010">Sergio Gutierrez</annotator>
        <span start="1913" end="1916" />
        <spannedText>NOT</spannedText>
        <creationDate>Sat Jan 14 18:36:21 CET 2023</creationDate>
    </annotation>
    <classMention id="EHOST_Instance_693">
        <mentionClass id="NegCue">NOT</mentionClass>
    </classMention>
    <annotation>
        <mention id="EHOST_Instance_694" />
        <annotator id="eHOST_2010">Oracle[Sergio Gutierrez]</annotator>
        <span start="668" end="671" />
        <spannedText>not</spannedText>
        <creationDate>Sat Jan 14 18:36:23 CET 2023</creationDate>
    </annotation>
    <classMention id="EHOST_Instance_694">
        <mentionClass id="NegCue">not</mentionClass>
    </classMention>
    <annotation>
        <mention id="EHOST_Instance_695" />
        <annotator id="eHOST_2010">Oracle[Sergio Gutierrez]</annotator>
        <span start="2070" end="2073" />
        <spannedText>not</spannedText>
        <creationDate>Sat Jan 14 18:36:23 CET 2023</creationDate>
    </annotation>
    <classMention id="EHOST_Instance_695">
        <mentionClass id="NegCue">not</mentionClass>
    </classMention>
    <annotation>
        <mention id="EHOST_Instance_696" />
        <annotator id="eHOST_2010">Oracle[Sergio Gutierrez]</annotator>
        <span start="2538" end="2541" />
        <spannedText>not</spannedText>
        <creationDate>Sat Jan 14 18:36:23 CET 2023</creationDate>
    </annotation>
    <classMention id="EHOST_Instance_696">
        <mentionClass id="NegCue">not</mentionClass>
    </classMention>
    <annotation>
        <mention id="EHOST_Instance_697" />
        <annotator id="eHOST_2010">Oracle[Sergio Gutierrez]</annotator>
        <span start="2999" end="3002" />
        <spannedText>not</spannedText>
        <creationDate>Sat Jan 14 18:36:23 CET 2023</creationDate>
    </annotation>
    <classMention id="EHOST_Instance_697">
        <mentionClass id="NegCue">not</mentionClass>
    </classMention>
    <annotation>
        <mention id="EHOST_Instance_698" />
        <annotator id="eHOST_2010">Oracle[Sergio Gutierrez]</annotator>
        <span start="3902" end="3905" />
        <spannedText>not</spannedText>
        <creationDate>Sat Jan 14 18:36:23 CET 2023</creationDate>
    </annotation>
    <classMention id="EHOST_Instance_698">
        <mentionClass id="NegCue">not</mentionClass>
    </classMention>
    <annotation>
        <mention id="EHOST_Instance_699" />
        <annotator id="eHOST_2010">Sergio Gutierrez</annotator>
        <span start="2490" end="2561" />
        <spannedText>potential for transmission of vaccine virus was not assessed in trials.</spannedText>
        <creationDate>Sat Jan 14 18:43:13 CET 2023</creationDate>
    </annotation>
    <classMention id="EHOST_Instance_699">
        <mentionClass id="NegCue">potential for transmission of vaccine virus was not assessed in trials.</mentionClass>
    </classMention>
    <annotation>
        <mention id="EHOST_Instance_700" />
        <annotator id="eHOST_2010">Sergio Gutierrez</annotator>
        <span start="2981" end="3021" />
        <spannedText>vaccine virus was not assessed in trials</spannedText>
        <creationDate>Sat Jan 14 18:43:19 CET 2023</creationDate>
    </annotation>
    <classMention id="EHOST_Instance_700">
        <mentionClass id="NegCue">vaccine virus was not assessed in trials</mentionClass>
    </classMention>
    <annotation>
        <mention id="EHOST_Instance_701" />
        <annotator id="eHOST_2010">Oracle[Sergio Gutierrez]</annotator>
        <span start="2520" end="2560" />
        <spannedText>vaccine virus was not assessed in trials</spannedText>
        <creationDate>Sat Jan 14 18:43:21 CET 2023</creationDate>
    </annotation>
    <classMention id="EHOST_Instance_701">
        <mentionClass id="NegCue">vaccine virus was not assessed in trials</mentionClass>
    </classMention>
    <annotation>
        <mention id="EHOST_Instance_702" />
        <annotator id="eHOST_2010">Sergio Gutierrez</annotator>
        <span start="2041" end="2108" />
        <spannedText>most critical information is not on television or in the newspapers</spannedText>
        <creationDate>Sat Jan 14 18:43:30 CET 2023</creationDate>
    </annotation>
    <classMention id="EHOST_Instance_702">
        <mentionClass id="NegCue">most critical information is not on television or in the newspapers</mentionClass>
    </classMention>
    <annotation>
        <mention id="EHOST_Instance_703" />
        <annotator id="eHOST_2010">Sergio Gutierrez</annotator>
        <span start="1892" end="1924" />
        <spannedText>counts on the public NOT reading</spannedText>
        <creationDate>Sat Jan 14 18:43:35 CET 2023</creationDate>
    </annotation>
    <classMention id="EHOST_Instance_703">
        <mentionClass id="NegCue">counts on the public NOT reading</mentionClass>
    </classMention>
    <annotation>
        <mention id="EHOST_Instance_704" />
        <annotator id="eHOST_2010">Sergio Gutierrez</annotator>
        <span start="3881" end="3915" />
        <spannedText>inoculated child was not suffering</spannedText>
        <creationDate>Sat Jan 14 18:43:47 CET 2023</creationDate>
    </annotation>
    <classMention id="EHOST_Instance_704">
        <mentionClass id="NegCue">inoculated child was not suffering</mentionClass>
    </classMention>
    <annotation>
        <mention id="EHOST_Instance_705" />
        <annotator id="eHOST_2010">Sergio Gutierrez</annotator>
        <span start="637" end="671" />
        <spannedText>whether they are inoculated or not</spannedText>
        <creationDate>Sat Jan 14 18:50:06 CET 2023</creationDate>
    </annotation>
    <classMention id="EHOST_Instance_705">
        <mentionClass id="NegCue">whether they are inoculated or not</mentionClass>
    </classMention>
    <eHOST_Adjudication_Status version="1.0">
        <Adjudication_Selected_Annotators version="1.0" />
        <Adjudication_Selected_Classes version="1.0" />
        <Adjudication_Others>
            <CHECK_OVERLAPPED_SPANS>false</CHECK_OVERLAPPED_SPANS>
            <CHECK_ATTRIBUTES>false</CHECK_ATTRIBUTES>
            <CHECK_RELATIONSHIP>false</CHECK_RELATIONSHIP>
            <CHECK_CLASS>false</CHECK_CLASS>
            <CHECK_COMMENT>false</CHECK_COMMENT>
        </Adjudication_Others>
    </eHOST_Adjudication_Status>
</annotations>

