<?xml version="1.0" encoding="UTF-8"?>
<annotations textSource="NewsComAu_20160212T080640.txt">
    <annotation>
        <mention id="EHOST_Instance_715" />
        <annotator id="eHOST_2010">Sergio Gutierrez</annotator>
        <span start="1340" end="1364" />
        <spannedText>Griffin had not. Can not</spannedText>
        <creationDate>Sat Jan 14 19:19:47 CET 2023</creationDate>
    </annotation>
    <classMention id="EHOST_Instance_715">
        <mentionClass id="NegCue">Griffin had not. Can not</mentionClass>
    </classMention>
    <annotation>
        <mention id="EHOST_Instance_716" />
        <annotator id="eHOST_2010">Sergio Gutierrez</annotator>
        <span start="2409" end="2481" />
        <spannedText>If you have chosen to not vaccinate yourself or your child, I blame you.</spannedText>
        <creationDate>Sat Jan 14 19:20:04 CET 2023</creationDate>
    </annotation>
    <classMention id="EHOST_Instance_716">
        <mentionClass id="NegCue">If you have chosen to not vaccinate yourself or your child, I blame you.</mentionClass>
    </classMention>
    <annotation>
        <mention id="EHOST_Instance_717" />
        <annotator id="eHOST_2010">Sergio Gutierrez</annotator>
        <span start="3017" end="3059" />
        <spannedText>You arenâ€™t. Itâ€™s not in their vaccine.</spannedText>
        <creationDate>Sat Jan 14 19:20:25 CET 2023</creationDate>
    </annotation>
    <classMention id="EHOST_Instance_717">
        <mentionClass id="NegCue">You arenâ€™t. Itâ€™s not in their vaccine.</mentionClass>
    </classMention>
    <annotation>
        <mention id="EHOST_Instance_718" />
        <annotator id="eHOST_2010">Sergio Gutierrez</annotator>
        <span start="3107" end="3182" />
        <spannedText>You arenâ€™t. There is no, none, nada, nothing in science that proves this.</spannedText>
        <creationDate>Sat Jan 14 19:20:46 CET 2023</creationDate>
    </annotation>
    <classMention id="EHOST_Instance_718">
        <mentionClass id="NegCue">You arenâ€™t. There is no, none, nada, nothing in science that proves this.</mentionClass>
    </classMention>
    <annotation>
        <mention id="EHOST_Instance_719" />
        <annotator id="eHOST_2010">Sergio Gutierrez</annotator>
        <span start="3470" end="3504" />
        <spannedText>You arenâ€™t. I PROTECT YOUR CHILD</spannedText>
        <creationDate>Sat Jan 14 19:21:42 CET 2023</creationDate>
    </annotation>
    <classMention id="EHOST_Instance_719">
        <mentionClass id="NegCue">You arenâ€™t. I PROTECT YOUR CHILD</mentionClass>
    </classMention>
    <annotation>
        <mention id="EHOST_Instance_720" />
        <annotator id="eHOST_2010">Sergio Gutierrez</annotator>
        <span start="3813" end="3881" />
        <spannedText>As an unvaccinated person you are only protected by our good graces.</spannedText>
        <creationDate>Sat Jan 14 19:21:59 CET 2023</creationDate>
    </annotation>
    <classMention id="EHOST_Instance_720">
        <mentionClass id="NegCue">As an unvaccinated person you are only protected by our good graces.</mentionClass>
    </classMention>
    <eHOST_Adjudication_Status version="1.0">
        <Adjudication_Selected_Annotators version="1.0" />
        <Adjudication_Selected_Classes version="1.0" />
        <Adjudication_Others>
            <CHECK_OVERLAPPED_SPANS>false</CHECK_OVERLAPPED_SPANS>
            <CHECK_ATTRIBUTES>false</CHECK_ATTRIBUTES>
            <CHECK_RELATIONSHIP>false</CHECK_RELATIONSHIP>
            <CHECK_CLASS>false</CHECK_CLASS>
            <CHECK_COMMENT>false</CHECK_COMMENT>
        </Adjudication_Others>
    </eHOST_Adjudication_Status>
</annotations>

