<?xml version="1.0" encoding="UTF-8"?>
<annotations textSource="nhs-uk_20170628T213437.txt">
    <annotation>
        <mention id="EHOST_Instance_721" />
        <annotator id="eHOST_2010">Sergio Gutierrez</annotator>
        <span start="0" end="118" />
        <spannedText>Vaccination against hepatitis A isn't routinely offered in the UK because the risk of infection is low for most people</spannedText>
        <creationDate>Sat Jan 14 19:28:48 CET 2023</creationDate>
    </annotation>
    <classMention id="EHOST_Instance_721">
        <mentionClass id="NegCue">Vaccination against hepatitis A isn't routinely offered in the UK because the risk of infection is low for most people</mentionClass>
    </classMention>
    <annotation>
        <mention id="EHOST_Instance_722" />
        <annotator id="eHOST_2010">Sergio Gutierrez</annotator>
        <span start="121" end="168" />
        <spannedText>It's only recommended for people at highÂ risk.</spannedText>
        <creationDate>Sat Jan 14 19:29:05 CET 2023</creationDate>
    </annotation>
    <classMention id="EHOST_Instance_722">
        <mentionClass id="NegCue">It's only recommended for people at highÂ risk.</mentionClass>
    </classMention>
    <annotation>
        <mention id="EHOST_Instance_723" />
        <annotator id="eHOST_2010">Sergio Gutierrez</annotator>
        <span start="1525" end="1587" />
        <spannedText>this usually disappears quickly and isn't a cause for concern.</spannedText>
        <creationDate>Sat Jan 14 19:34:31 CET 2023</creationDate>
    </annotation>
    <classMention id="EHOST_Instance_723">
        <mentionClass id="NegCue">this usually disappears quickly and isn't a cause for concern.</mentionClass>
    </classMention>
    <eHOST_Adjudication_Status version="1.0">
        <Adjudication_Selected_Annotators version="1.0" />
        <Adjudication_Selected_Classes version="1.0" />
        <Adjudication_Others>
            <CHECK_OVERLAPPED_SPANS>false</CHECK_OVERLAPPED_SPANS>
            <CHECK_ATTRIBUTES>false</CHECK_ATTRIBUTES>
            <CHECK_RELATIONSHIP>false</CHECK_RELATIONSHIP>
            <CHECK_CLASS>false</CHECK_CLASS>
            <CHECK_COMMENT>false</CHECK_COMMENT>
        </Adjudication_Others>
    </eHOST_Adjudication_Status>
</annotations>

