<?xml version="1.0" encoding="UTF-8"?>
<annotations textSource="nhs-uk_20170704T190040.txt">
    <annotation>
        <mention id="EHOST_Instance_729" />
        <annotator id="eHOST_2010">Sergio Gutierrez</annotator>
        <span start="2919" end="2960" />
        <spannedText>if they haven'tÂ had both dosesÂ before.</spannedText>
        <creationDate>Sat Jan 14 19:42:53 CET 2023</creationDate>
    </annotation>
    <classMention id="EHOST_Instance_729">
        <mentionClass id="NegCue">if they haven'tÂ had both dosesÂ before.</mentionClass>
    </classMention>
    <annotation>
        <mention id="EHOST_Instance_730" />
        <annotator id="eHOST_2010">Sergio Gutierrez</annotator>
        <span start="2272" end="2297" />
        <spannedText>you don't need to worry.</spannedText>
        <creationDate>Sat Jan 14 19:42:59 CET 2023</creationDate>
    </annotation>
    <classMention id="EHOST_Instance_730">
        <mentionClass id="NegCue">you don't need to worry.</mentionClass>
    </classMention>
    <annotation>
        <mention id="EHOST_Instance_731" />
        <annotator id="eHOST_2010">Sergio Gutierrez</annotator>
        <span start="3325" end="3327" />
        <spannedText>No</spannedText>
        <creationDate>Sat Jan 14 19:45:31 CET 2023</creationDate>
    </annotation>
    <classMention id="EHOST_Instance_731">
        <mentionClass id="NegCue">No</mentionClass>
    </classMention>
    <annotation>
        <mention id="EHOST_Instance_732" />
        <annotator id="eHOST_2010">Oracle[Sergio Gutierrez]</annotator>
        <span start="1495" end="1497" />
        <spannedText>no</spannedText>
        <creationDate>Sat Jan 14 19:45:33 CET 2023</creationDate>
    </annotation>
    <classMention id="EHOST_Instance_732">
        <mentionClass id="NegCue">no</mentionClass>
    </classMention>
    <annotation>
        <mention id="EHOST_Instance_733" />
        <annotator id="eHOST_2010">Oracle[Sergio Gutierrez]</annotator>
        <span start="2464" end="2466" />
        <spannedText>no</spannedText>
        <creationDate>Sat Jan 14 19:45:33 CET 2023</creationDate>
    </annotation>
    <classMention id="EHOST_Instance_733">
        <mentionClass id="NegCue">no</mentionClass>
    </classMention>
    <annotation>
        <mention id="EHOST_Instance_734" />
        <annotator id="eHOST_2010">Oracle[Sergio Gutierrez]</annotator>
        <span start="4495" end="4497" />
        <spannedText>No</spannedText>
        <creationDate>Sat Jan 14 19:45:33 CET 2023</creationDate>
    </annotation>
    <classMention id="EHOST_Instance_734">
        <mentionClass id="NegCue">No</mentionClass>
    </classMention>
    <eHOST_Adjudication_Status version="1.0">
        <Adjudication_Selected_Annotators version="1.0" />
        <Adjudication_Selected_Classes version="1.0" />
        <Adjudication_Others>
            <CHECK_OVERLAPPED_SPANS>false</CHECK_OVERLAPPED_SPANS>
            <CHECK_ATTRIBUTES>false</CHECK_ATTRIBUTES>
            <CHECK_RELATIONSHIP>false</CHECK_RELATIONSHIP>
            <CHECK_CLASS>false</CHECK_CLASS>
            <CHECK_COMMENT>false</CHECK_COMMENT>
        </Adjudication_Others>
    </eHOST_Adjudication_Status>
</annotations>

