<?xml version="1.0" encoding="UTF-8"?>
<annotations textSource="nhs-uk_20170704T031554.txt">
    <annotation>
        <mention id="EHOST_Instance_724" />
        <annotator id="eHOST_2010">Sergio Gutierrez</annotator>
        <span start="204" end="265" />
        <spannedText>I'm not sure if I had chickenpox as a child. How can I check?</spannedText>
        <creationDate>Sat Jan 14 19:40:08 CET 2023</creationDate>
    </annotation>
    <classMention id="EHOST_Instance_724">
        <mentionClass id="NegCue">I'm not sure if I had chickenpox as a child. How can I check?</mentionClass>
    </classMention>
    <annotation>
        <mention id="EHOST_Instance_725" />
        <annotator id="eHOST_2010">Sergio Gutierrez</annotator>
        <span start="266" end="387" />
        <spannedText>If people in 'at-risk' groups cannot have the vaccine, what treatments are available if theyÂ are exposed toÂ chickenpox?</spannedText>
        <creationDate>Sat Jan 14 19:40:21 CET 2023</creationDate>
    </annotation>
    <classMention id="EHOST_Instance_725">
        <mentionClass id="NegCue">If people in 'at-risk' groups cannot have the vaccine, what treatments are available if theyÂ are exposed toÂ chickenpox?</mentionClass>
    </classMention>
    <annotation>
        <mention id="EHOST_Instance_726" />
        <annotator id="eHOST_2010">Sergio Gutierrez</annotator>
        <span start="852" end="941" />
        <spannedText>Why isn't the chickenpox vaccination part of the routine childhood immunisation schedule?</spannedText>
        <creationDate>Sat Jan 14 19:40:35 CET 2023</creationDate>
    </annotation>
    <classMention id="EHOST_Instance_726">
        <mentionClass id="NegCue">Why isn't the chickenpox vaccination part of the routine childhood immunisation schedule?</mentionClass>
    </classMention>
    <annotation>
        <mention id="EHOST_Instance_727" />
        <annotator id="eHOST_2010">Sergio Gutierrez</annotator>
        <span start="2763" end="2925" />
        <spannedText>You cannot get the chickenpox vaccine free on the NHS if you simply want to prevent your child catching chickenpox and there are no other associated health risks.</spannedText>
        <creationDate>Sat Jan 14 19:40:46 CET 2023</creationDate>
    </annotation>
    <classMention id="EHOST_Instance_727">
        <mentionClass id="NegCue">You cannot get the chickenpox vaccine free on the NHS if you simply want to prevent your child catching chickenpox and there are no other associated health risks.</mentionClass>
    </classMention>
    <annotation>
        <mention id="EHOST_Instance_728" />
        <annotator id="eHOST_2010">Sergio Gutierrez</annotator>
        <span start="2276" end="2410" />
        <spannedText>Â such as for healthy people who aren't immune to chickenpox and are in close contact with someone who hasÂ a weakened immune system.</spannedText>
        <creationDate>Sat Jan 14 19:41:08 CET 2023</creationDate>
    </annotation>
    <classMention id="EHOST_Instance_728">
        <mentionClass id="NegCue">Â such as for healthy people who aren't immune to chickenpox and are in close contact with someone who hasÂ a weakened immune system.</mentionClass>
    </classMention>
    <eHOST_Adjudication_Status version="1.0">
        <Adjudication_Selected_Annotators version="1.0" />
        <Adjudication_Selected_Classes version="1.0" />
        <Adjudication_Others>
            <CHECK_OVERLAPPED_SPANS>false</CHECK_OVERLAPPED_SPANS>
            <CHECK_ATTRIBUTES>false</CHECK_ATTRIBUTES>
            <CHECK_RELATIONSHIP>false</CHECK_RELATIONSHIP>
            <CHECK_CLASS>false</CHECK_CLASS>
            <CHECK_COMMENT>false</CHECK_COMMENT>
        </Adjudication_Others>
    </eHOST_Adjudication_Status>
</annotations>

